BagelTheMiner,19KmM8RjJEyNYk91HXApDcJ3vBHsvKdCYv
BradTheMiner,1LKqPjUPxXHff5bMoN2TjBauj7TXTr9fSX
EtienTheMiner,1MW2t5bDWZp9KTuhxyCcE54iEoEpcaJTPP
HugsTheMiner,1CJCJXkiHBBSAysfVrVadgXcakhjJWtZUH
JustinTheMiner,1LjwCBom2H1LRHRyNCks8rJrvr1qRUXLo6
KyleTheMiner,16UCGqp26gTjvLAcszM5L1D1H82vfkLan8
MizerTheMiner,1J4WiL8ZeTvuRLJtNxS5LHgNSiujLsc4LC
MoTheMiner,12NnbzgqSx7pzcnqP51HdANFPxu6Q329PU
MrTtheMiner,1CEbNtuxjk3SWpRmMZ16ZE3dS5G74MwvLD
RtheMiner,1HiQ1oc7UUkhKa3iU1fiB5gHtT4NggnB8N
VinceTheMiner,1nwXtwCY3VnqVhJZTjp2bFFv9jbK7WsfR
JonTheMiner,1EstnAx6eaRASc8b6PdoC6kppsm5ywWxar
