BagelTheMiner,D6tDjomZD2HRoggVs9gTpbVVF3b1RCy3Ki
BradTheMiner,DC7vsPcUbtfK6JbLip3uxA8CEDYB7wV3eb
EtienTheMiner,D92QeqeodTGGPFb7ofkQFZvZkxL5CPTpFV
HugsTheMiner,DDnyE2kDd6CdXVzmGQrBMYcAW6JMR1jaRz
JtheMiner,DTbVmiBwXn6AD88NbV4gyEiFyDhq6q8QY4
KyleTheMiner,DPxEGNxD8j1xRftibY6h2Qo6izRFtuRT1R
MizerTheMiner,DRgQHyid6SD8kcJYPpFWcJyNmnhfSTVVuo
MoTheMiner,D6DEr6mdLniSz5rRLmXiKh7WaxeTW7p1po
MrTtheMiner,DKdMnZ7Qw4HFEzqnVydEbpdpsNKN5Yos1y
RtheMiner,DHUqKW78tRQt5hwXn36pYnwMtdj3mYkr9k
VinceTheMiner,DHsZVxf72KejLY2yV5sPhnXMuaTfY4D8J4
JonTheMiner,DHnsoisKEVDXvkKQNATy9N3KrUZWdzXLyd
